<?xml version="1.0" encoding="UTF-8" standalone="yes"?>
<addon id="plugin.video.HerculesBuildWizard” name=“HerculesBuildWizard” version="1.0.1" provider-name="Husham.com">
  <requires>
    <import addon="xbmc.python" version="2.1.0"/>
  </requires>
  <extension point="xbmc.python.pluginsource" library="default.py">
        <provides>video executable</provides>
  </extension>
  <extension point="xbmc.addon.metadata">
    <summary lang="en">Hercules Build Wizard</summary>
    <description lang="en">Hercules Build 1.0##
##Hercules Build##</description>
    <platform>all</platform>
  </extension>
</addon>
